NAME,B01003_001E,B25064_001E,B25077_001E,B07003_001E,B07003_004E,B07003_008E,B07003_010E,B11016_001E,B25003_002E,B25003_003E,zip,moved_different_house_pct,median_rent_usd,population,zillow_home_value_index,zillow_rent_index,B25064_001E_suppressed,B25077_001E_suppressed,median_rent_usd_suppressed
ZCTA5 33101,0,1663.0,380100.0,0,0,0,0,0,0,0,33101,,1663.0,0,,,True,True,True
ZCTA5 33109,792,1663.0,2000001.0,792,630,97,0,328,307,21,33109,0.2045454545454545,1663.0,792,6413595.656803385,,True,False,True
ZCTA5 33122,1873,2370.0,1335900.0,1824,962,241,8,816,76,740,33122,0.4725877192982456,2370.0,1873,1505538.246902889,2740.611111111112,False,False,False
ZCTA5 33125,54873,1238.0,339300.0,54290,49530,2057,171,21227,5080,16147,33125,0.0876772886351077,1238.0,54873,459772.08683978976,2313.579166666667,False,False,False
ZCTA5 33126,46798,1546.0,287100.0,46403,41635,1763,240,18073,7104,10969,33126,0.1027519772428506,1546.0,46798,301782.8818148346,2380.2410256410258,False,False,False
ZCTA5 33127,28306,1283.0,346000.0,27993,24314,1533,300,9661,2819,6842,33127,0.1314257135712499,1283.0,28306,521335.8794192681,2998.258333333333,False,False,False
ZCTA5 33128,8989,1191.0,292400.0,8937,7310,753,60,3907,123,3784,33128,0.1820521427772183,1191.0,8989,440768.4766146476,2809.2811965811966,False,False,False
ZCTA5 33129,15184,2153.0,526800.0,14954,12414,912,76,7267,3393,3874,33129,0.1698542196067941,2153.0,15184,687646.0024834754,3644.846978557505,False,False,False
ZCTA5 33130,32946,1553.0,436000.0,32573,25611,2841,620,16915,2120,14795,33130,0.2137353022441899,1553.0,32946,507206.06561679527,3150.938320381092,False,False,False
ZCTA5 33131,22540,2649.0,599100.0,22256,15720,1931,418,12552,4132,8420,33131,0.2936736161035226,2649.0,22540,588739.6873255532,3793.4822029822026,False,False,False
ZCTA5 33132,17136,2373.0,535900.0,16658,10852,1936,1075,8969,2226,6743,33132,0.3485412414455517,2373.0,17136,529723.155938494,3286.435059422751,False,False,False
ZCTA5 33133,34500,1824.0,825100.0,33980,27337,2355,361,14479,7487,6992,33133,0.1954973513831665,1824.0,34500,1302043.4387278543,3579.6375313635167,False,False,False
ZCTA5 33134,37958,1719.0,637300.0,37639,32495,2066,175,16251,8937,7314,33134,0.1366667552272908,1719.0,37958,878612.0950932098,2919.2217948717957,False,False,False
ZCTA5 33135,34742,1221.0,367100.0,34353,30834,1311,153,14513,3050,11463,33135,0.1024364684307047,1221.0,34742,524384.9916386112,2181.565045248869,False,False,False
ZCTA5 33136,16854,1177.0,290500.0,16676,13598,1177,459,6894,834,6060,33136,0.1845766370832333,1177.0,16854,324841.132442911,2615.060355127096,False,False,False
ZCTA5 33137,25283,2142.0,462200.0,25107,19428,1755,300,11498,3020,8478,33137,0.2261918986736766,2142.0,25283,660793.1404971308,3608.563486755835,False,False,False
ZCTA5 33138,28609,1390.0,604300.0,28046,24496,1242,493,12701,6193,6508,33138,0.1265777651001925,1390.0,28609,789231.1982692367,2323.567901234568,False,False,False
ZCTA5 33139,35100,1680.0,476000.0,34756,25985,2381,720,20113,6338,13775,33139,0.2523593048682241,1680.0,35100,470151.51584802143,3053.251907814408,False,False,False
ZCTA5 33140,19785,1912.0,837700.0,19386,15550,1213,249,8579,4878,3701,33140,0.197874754977819,1912.0,19785,672784.0087485499,3947.8502506265663,False,False,False
ZCTA5 33141,35967,1634.0,419900.0,35811,28657,2260,477,16685,5675,11010,33141,0.1997710200776297,1634.0,35967,419621.26100973465,2582.6062753036435,False,False,False
ZCTA5 33142,59121,1189.0,277600.0,58483,52219,2328,289,20178,5729,14449,33142,0.1071080484927243,1189.0,59121,422302.0997649997,2355.8276094276093,False,False,False
ZCTA5 33143,31688,1709.0,711800.0,31394,27726,934,295,13337,7356,5981,33143,0.1168376122826017,1709.0,31688,951075.4286086564,2737.06507936508,False,False,False
ZCTA5 33144,26596,1611.0,410200.0,26453,24242,638,182,9296,5195,4101,33144,0.0835822023967035,1611.0,26596,619470.5807951065,2463.365740740741,False,False,False
ZCTA5 33145,29240,1694.0,480100.0,28964,25991,1107,168,11809,5921,5888,33145,0.1026446623394558,1694.0,29240,725512.2755852557,2869.461251167133,False,False,False
ZCTA5 33146,17962,2571.0,1119100.0,17776,11860,1044,1188,5357,3500,1857,33146,0.3328082808280828,2571.0,17962,1897381.3257511891,3668.254570275404,False,False,False
ZCTA5 33147,47065,1279.0,234100.0,46498,42751,1216,195,14613,7389,7224,33147,0.0805841111445653,1279.0,47065,437440.17210474814,2534.920634920635,False,False,False
ZCTA5 33149,14639,3501.0,1321200.0,14526,12031,452,39,4676,3043,1633,33149,0.1717609803111661,3501.0,14639,1644553.1809762232,8142.963286713286,False,False,False
ZCTA5 33150,31807,1094.0,317200.0,31375,27107,2023,197,10910,2995,7915,33150,0.1360318725099601,1094.0,31807,449306.8813780164,2121.8177609427607,False,False,False
ZCTA5 33154,14557,2080.0,716600.0,14445,12344,610,40,5666,3337,2329,33154,0.145448251990308,2080.0,14557,1183005.847732993,3810.576441102757,False,False,False
ZCTA5 33155,43702,1889.0,464900.0,43308,39041,1455,171,14905,10072,4833,33155,0.0985268310704719,1889.0,43702,713042.6696808235,2811.151587301588,False,False,False
ZCTA5 33156,32582,1918.0,972000.0,32138,28550,1209,111,11862,8607,3255,33156,0.1116435372456282,1918.0,32582,1529603.1848981883,2945.871336996337,False,False,False
ZCTA5 33157,69152,1414.0,433200.0,68437,61850,2389,371,21103,13824,7279,33157,0.0962491050162923,1414.0,69152,628559.134050711,2670.6208333333334,False,False,False
ZCTA5 33158,6536,3321.0,890100.0,6520,6047,178,7,2166,2058,108,33158,0.0725460122699386,3321.0,6536,1362634.423029975,,False,False,False
ZCTA5 33160,42058,1856.0,324100.0,41719,35924,1444,529,19954,11664,8290,33160,0.1389055346484815,1856.0,42058,512906.7133879154,3031.2898388161543,False,False,False
ZCTA5 33161,52824,1394.0,355300.0,51812,44203,2619,865,17162,6995,10167,33161,0.1468578707635296,1394.0,52824,495025.7214718036,2360.03359345968,False,False,False
ZCTA5 33162,48326,1417.0,310700.0,47700,43890,954,655,14978,7640,7338,33162,0.0798742138364779,1417.0,48326,468765.9457721563,2120.972222222222,False,False,False
ZCTA5 33010,42081,1240.0,324400.0,41772,36844,1721,217,15709,4799,10910,33010,0.1179737623288327,1240.0,42081,531343.7239700719,2186.25,False,False,False
ZCTA5 33012,71088,1470.0,313600.0,70409,64525,1486,712,25048,12205,12843,33012,0.0835688619352639,1470.0,71088,385557.1654073382,2279.6222405045933,False,False,False
ZCTA5 33013,29830,1457.0,362700.0,29637,27013,1087,113,9356,5673,3683,33013,0.0885379761784256,1457.0,29830,564818.2071044594,2800.222222222222,False,False,False
ZCTA5 33014,40739,1574.0,371000.0,40211,36118,1565,338,14420,6554,7866,33014,0.101788067941608,1574.0,40739,441136.0967234325,2410.4551083591327,False,False,False
ZCTA5 33015,68517,1720.0,358400.0,67936,59056,3364,680,23157,12221,10936,33015,0.1307112576542628,1720.0,68517,396140.2992868467,2379.724198506807,False,False,False
ZCTA5 33016,45620,1652.0,273100.0,45167,41251,1612,143,15621,7760,7861,33016,0.0867004671552239,1652.0,45620,296353.4903200672,2431.511111111111,False,False,False
ZCTA5 33018,55241,1850.0,379200.0,54726,49564,2154,309,16961,12555,4406,33018,0.0943244527281365,1850.0,55241,530640.1113964511,2832.267543859649,False,False,False
ZCTA5 33030,36405,1237.0,342900.0,35495,32082,1314,248,10582,4036,6546,33030,0.0961543879419636,1237.0,36405,512532.5023269248,2252.1666666666665,False,False,False
ZCTA5 33031,7692,1471.0,441700.0,7649,7285,136,51,2419,2177,242,33031,0.0475879199895411,1471.0,7692,907840.0167813102,,False,False,False
ZCTA5 33032,57327,1520.0,340000.0,56817,50215,2116,480,17014,10075,6939,33032,0.1161976169104317,1520.0,57327,455210.4522445742,2678.8281210272057,False,False,False
ZCTA5 33033,68121,1571.0,332300.0,67290,58616,3258,331,19948,11177,8771,33033,0.1289047406746916,1571.0,68121,435166.2393320717,2468.661746031746,False,False,False
ZCTA5 33034,23774,1273.0,195700.0,23425,20866,745,424,5930,1825,4105,33034,0.1092422625400213,1273.0,23774,383165.59878408303,2269.9007936507937,False,False,False
ZCTA5 33035,16788,1781.0,248900.0,16710,14167,907,107,5474,2850,2624,33035,0.1521843207660083,1781.0,16788,333140.66613008897,2264.18201754386,False,False,False
ZCTA5 33165,52047,1704.0,440700.0,51801,48476,1068,387,17306,12508,4798,33165,0.0641879500395745,1704.0,52047,681210.4038035698,3112.2321428571427,False,False,False
ZCTA5 33166,26364,1655.0,466500.0,26131,21813,1482,440,9834,4820,5014,33166,0.1652443457961807,1655.0,26364,607020.851584569,2855.0596903096903,False,False,False
ZCTA5 33167,22823,1337.0,292300.0,22680,21223,520,200,6639,3963,2676,33167,0.0642416225749559,1337.0,22823,467360.61195938895,2943.8888888888887,False,False,False
ZCTA5 33168,23458,1485.0,293800.0,23310,21621,732,202,6486,4892,1594,33168,0.0724581724581724,1485.0,23458,460671.15740656696,2500.555555555556,False,False,False
ZCTA5 33169,42156,1480.0,321100.0,41859,38407,898,769,13254,6892,6362,33169,0.0824673308010224,1480.0,42156,466275.7539330061,2390.684523809524,False,False,False
ZCTA5 33170,14477,1525.0,381000.0,14213,12531,703,75,4433,2706,1727,33170,0.1183423626257651,1525.0,14477,572190.9267844044,2408.2916666666665,False,False,False
ZCTA5 33172,40278,1826.0,235800.0,40047,34746,1614,301,14485,6631,7854,33172,0.1323694658775938,1826.0,40278,299949.09129993204,2478.447368421053,False,False,False
ZCTA5 33173,33026,1840.0,417500.0,32668,29530,1207,254,11749,8071,3678,33173,0.096057303783519,1840.0,33026,569427.0192781443,2639.984593837535,False,False,False
ZCTA5 33174,34335,1667.0,357400.0,34087,29393,892,984,11050,5579,5471,33174,0.1377064570070701,1667.0,34335,443497.0638608453,2579.6309523809523,False,False,False
ZCTA5 33175,50233,1844.0,421400.0,49752,46468,764,218,17115,13043,4072,33175,0.0660073966875703,1844.0,50233,625095.250620412,2880.7619047619046,False,False,False
ZCTA5 33176,52719,1605.0,541600.0,52348,47733,1777,126,18847,11835,7012,33176,0.0881600061129365,1605.0,52719,629113.56497749,2346.986289173789,False,False,False
ZCTA5 33177,56791,1961.0,362100.0,56329,52146,1820,345,16240,12196,4044,33177,0.0742601501890678,1961.0,56791,573699.5590516581,2751.337037037037,False,False,False
ZCTA5 33178,64751,2466.0,464100.0,64010,49730,4870,876,19718,9573,10145,33178,0.2230901421652866,2466.0,64751,556534.6998928332,3031.0411667811773,False,False,False
ZCTA5 33179,48196,1627.0,239900.0,47663,42500,1722,778,18433,10437,7996,33179,0.1083230178545202,1627.0,48196,277220.96520552033,2206.432367149758,False,False,False
ZCTA5 33180,32881,2323.0,448300.0,32651,28830,755,508,14456,9314,5142,33180,0.1170255122354598,2323.0,32881,465240.65727750375,3053.314465981133,False,False,False
ZCTA5 33181,20448,1530.0,296800.0,19932,16391,980,430,8384,3444,4940,33181,0.1776540236805137,1530.0,20448,318112.886510796,2401.695652173913,False,False,False
ZCTA5 33182,13163,2264.0,439900.0,13108,12476,145,150,4240,3508,732,33182,0.0482148306377784,2264.0,13163,670861.8468865172,3527.777777777778,False,False,False
ZCTA5 33183,34057,1778.0,346600.0,33837,31938,724,88,12349,8144,4205,33183,0.0561219966309069,1778.0,34057,395276.9511923164,2516.5242165242166,False,False,False
ZCTA5 33184,20850,1976.0,364200.0,20810,19432,447,32,6548,4572,1976,33184,0.0662181643440653,1976.0,20850,570272.085487892,2858.333333333333,False,False,False
ZCTA5 33185,29530,2642.0,459800.0,29255,27681,520,48,8974,7262,1712,33185,0.0538027687574773,2642.0,29530,674531.0497545387,3525.555555555555,False,False,False
ZCTA5 33186,68750,1961.0,391500.0,67972,62890,2002,244,23284,15675,7609,33186,0.0747660801506502,1961.0,68750,524032.46199085546,2613.3375104427737,False,False,False
ZCTA5 33187,19346,2269.0,467900.0,19174,17721,558,80,5656,4953,703,33187,0.0757797016793574,2269.0,19346,717925.6653060889,3456.666666666667,False,False,False
ZCTA5 33189,24575,1496.0,357200.0,24398,22189,739,147,8431,4972,3459,33189,0.090540208213788,1496.0,24575,554054.5256170727,2689.349867724868,False,False,False
ZCTA5 33190,16909,1663.0,339000.0,16700,13751,1282,0,5373,2450,2923,33190,0.1765868263473053,1663.0,16909,436289.91821852187,2599.333333333333,False,False,False
ZCTA5 33193,47116,1697.0,384600.0,46995,43137,1575,107,15643,9277,6366,33193,0.0820938397701883,1697.0,47116,444387.8321485156,2468.769841269841,False,False,False
ZCTA5 33194,8617,2363.0,439500.0,8513,7756,148,299,1962,1576,386,33194,0.0889228239163632,2363.0,8617,570992.5725511562,,False,False,False
ZCTA5 33196,54187,2011.0,428400.0,53631,47585,2209,131,16980,11447,5533,33196,0.1127333072290279,2011.0,54187,567280.1136530304,2520.628472222222,False,False,False
ZCTA5 33039,0,1663.0,380100.0,0,0,0,0,0,0,0,33039,,1663.0,0,,,True,True,True
ZCTA5 33054,31590,1244.0,267300.0,31289,28633,1047,300,10281,4939,5342,33054,0.0848860621943814,1244.0,31590,420745.5669693744,2662.5,False,False,False
ZCTA5 33055,37977,1546.0,307100.0,37702,33945,1482,310,11898,8916,2982,33055,0.099649885947695,1546.0,37977,504885.8693866418,3080.555555555555,False,False,False
ZCTA5 33056,37274,1560.0,288000.0,37017,34487,623,508,11593,7522,4071,33056,0.0683469757138612,1560.0,37274,480856.0975765718,2730.769841269841,False,False,False
